LNCipedia transcript ID	Structural domain Delimiter					NDO	DBD
	Domain 1	Domain 2	Domain 3	Domain 4	Domain 5		
TRAF3IP2-AS1:11	1-130,	171-255	141-159, 277-324			821	0.75
PCED1B-AS1:9	1-63, 216-277	64-215	278-359			405	205
MYCNOS:1	1-25, 250-368	141-186	40-140	26-39, 187-249		530	337
lnc-VSX1-1:9	1-163, 274-292	164-273				454	150
lnc-SPO11-1:3	1-79, 219-252	80-115	116-218			397	325
lnc-RIMBP2-6:1	1-45,  82-267	46-81	268-392			304	313
lnc-NKX2-3-1:2	1-37, 308-392	48-298	38-47, 299-397			197	237
lnc-NBN-1:8	1-19, 131-284	30-120				741	778
lnc-NBN-1:4	11-37, 352-383	49-121	122-351			528	590
lnc-LYPLA1-1:2	1-15, 140-181	26-130	182-340			701	649
lnc_EMP1-1:1	178-250,	145-177, 251-274	1-41,  275-312	42-144		511	267
lnc-C12orf74-5:6	88-173	48-87, 174-247	1-47			429	586
lnc-C8orf74-1:2	128-174	73-127, 175-210	49-72, 211-223	1-48, 224-251		106	651
LINC02356:10	145-193	226-291	194-225, 292-363	1-144		397	0
LINC02052:20	1-201, 289-352	202-288	353-368			554	666
LINC01624:4	1-346					1	1
LINC01060:1	1-50, 138-382	62-126				486	0.3
lnc-TMEM132B-10:3	1-68, 306-339	123-238	69-122,  239-305			230	0.22
DACT3-AS1:5	1-143	144-381				625	0
BAALC-AS1:17	11-137	138-200	201-291			516	496
AADACL2-AS1:1	1-269	395-480	270-394			710	463
ADGRL3-AS1:5	1-157, 309-351	158-308				570	0
AADACL2-AS1:6	100-223	1-99,  224-378				406	183
ADD3-AS1:9	1-287, 376-388	288-321	331-365	166-265		557	493
ADORA2A-AS1:16	1-28,  251-360	29-250				628	555
ADGRA1-AS1:2	1-94	427-475	95-426			699	0
ADD3-AS1:10	1-117, 214-472	118-213				797	0
lnc-AADACL2-AS1:5	1-241	242-322				216	0.09
ZRANB2-AS2:23	1-123	148-223	124-147, 224-248			426	116
PVT1:48	1-100, 267-326	101-266				509	0
lnc-ZKSCAN1-1:4	1-92, 165-232	93-164				283	417
lnc-TLR5-1:2	1-15, 98-185, 231-270	16-97	186-230			530	0
lnc-TRMT61B-1:2	1-96	114-156	171-231			373	0
lnc-TLE3-6:2	1-55, 182-254	56-181	274-343			409	576
lnc-SOX5-5:32	1-36	37-91, 151-265	92-150			781	814
RASGRF2-AS1:8	41-86	103-222	14-30, 87-102			384	278
lnc-PAX9-11:6	1-29, 227-272	118-200	30-117, 201-226			608	832
lnc-OTULIN-3:1	1-81, 352-393	82-177, 331-351	178-330			130	0.36
lnc-NXPE2-1:1	1-169, 266-285	170-224	235-265			407	556
lnc-GNAO1-1:4	18-112, 226-291	113-225				246	314
lnc-BRINP3-3:1	1-24, 206-243	25-205				239	401
LINC02453:25	1-256	257-309				828	235
LINC02064:9	1-29, 156-190	30-155	191-377			496	0
LINC00944:23	1-226	227-366				833	378
ZMIZ1-AS1:1	1-138	139-165, 234-295	166-233	296-370		358	0
ZFHX4-AS1:5	1-58, 224-248	79-164	175-214			380	236
ZFHX4-AS1:4	1-61, 119-193	194-240	62-118			567	0
TMEM132D-AS1:25	1-23, 202-293	34-126	137-190			582	641
TARID:13	18-127	154-244				440	0
SNHG17:22	1-55, 104-167 244-261	168-243	56-103			525	0
RERG-AS1:1	1-267	268-337				792	0.15
RASAL2-AS1:4	1-21, 240-300	22-99, 230-239	100-230			413	392
RB1-DT:22	1-85	86-186	187-220			459	0
MIR503HG:10	11-31, 203-223	32-74, 143-202	85-142	234-332		291	0
lnc-ZFC3H1-8:3	1-70, 178-279	71-177				722	528
lnc-NXPE2-52:3	1-32, 137-182, 286-384	46-97	107-136	183-285		514	355
LINC01060:11	12-144	154-364				718	654
LINC01136:5	1-184, 269-355	196-258				762	584
LINC01405:4	1-52, 307-364	124-276	53-123, 277-306			420	0
LINC01016:6	1-14, 352-396	15-351				874	878
AATBC:2	1-2155					969	183
AATBC:12	1-1889					956	0.15
AATBC:18	1-2194					975	0.32
ACOXL-AS1:7	1-3026					975	245
ACTN1-AS1:14	1-3647					996	0.45
BAALC-AS1:14	1-23, 127-144	145-226	24-126			626	462
BAALC-AS1:17	11-137	138-200	201-291			516	496
EPB41L4A-AS1:6	1-60	73-184, 280-292	217-270			412	0
FTX:15	14-134	162-224	1-13, 135-161, 225-264			458	0
GAS5:37	1-42	96-157	72-95, 158-218	43-71, 219-242		467	215