PDB code	Chain identifier	Structural domain Delimiter		Clustering Delimiter		NDO	DBD	DCS
		Domain 1	Domain 2	Cluster 1	Cluster 2			
3J29	A	1-909, 1396-1534	910-1395	1-922, 1432-1534	923-1431	804	767	1
4ADV	A	1-928, 1506-1534	929-1505	5-927, 1506-1534	928-1385	998	375	1
4JI3	A	1-889, 1380-1544	890-1378	5-70, 73-84, 88-93, 95-99, 101-204, 216-421, 474-492, 494-510, 528-841, 848-917, 1410-1443, 1446-1455, 1459-1490	511-515, 517-526, 918-965, 968-1169, 1171-1206, 1208-1399, 1401, 1403, 1405-1406, 1408-1409, 1491-1497, 1499-1517, 1520-1532, 1539, 1542-1544	789	901	1
5X8R	T	3-860, 1346-1488	861-1344	3-75, 79-867	868-1083, 1087-1488	797	970	1
5XYI	A	1-953, 1441-1577	954-1440	1-62, 74-116, 136-169, 173-212, 217-416, 426-428, 430-461, 465-473, 496-582, 587-602, 604-662, 671-950, 1500-1577	474-476, 478-495, 951-1029, 1033-1114, 1118-1204, 1209-1290, 1292-1299, 1302-1489	902	797	1
6CB1	A	1-417, 1370-3165, 3224-3261	418-1369, 3166-3223, 3262-3276	51-280, 286-636, 651-705, 721-804, 939-952, 1157-1195, 1310-1455, 2349-2361	1-35, 1519-1837, 1877-1887	768	747	1
6NQB	E	5-923	924-1396	5-680, 712-780	801-1396	833	500	1
6W7M	A	1-923, 1408-1493, 1504-1539	924-1407, 1494-1503	1-920, 1408-1493, 1504-1539	921-1390	988	518	1
3JAM	A	1-1157, 1628-1798	1158-1627	1-657, 676-1141	1142-1798	811	195	1
6SPC	A	2-916, 1391-1526	917-1390	2, 7-53, 55-63, 65-914	915-1526	791	584	1
3JD5	A	4-525, 829-955	526-828	4-141, 257-335, 427-518	142-256, 336-426, 519-955	357	340	1
6SW9	A	13-896, 1367-1740	897-1366	13-16, 18-52, 54-249, 251-285, 287-302, 304-318, 320-372, 374-378, 380-393, 395-475, 494-510, 512-545, 547-589, 591-625, 627-635, 637-647, 649-702, 704-717, 719-730, 732-750, 752-827, 829-838, 840-847, 849-850, 852-867, 869-889, 1391-1460, 1477-1478, 1480-1486, 1489-1498	476-478, 480-493, 890-937, 940-956, 958-1027, 1029-1040, 1042-1146, 1148-1183, 1185-1192, 1194-1201, 1203-1232, 1234-1238, 1240-1375, 1377, 1379-1390, 1461-1466, 1468, 1470-1476, 1499-1509	851	840	1
4KZZ	HA	1-1206, 1684-1863	1207-1683	1-679, 682-699, 719-736, 739-744, 788-1201	1202-1863	447	450	0.5
5MY1	A	5-562	563-1534	5-918	919-1534	537	0	1
6NEQ	A	4-527, 825-955	528-824	4-518	519-955	710	583	1
6YAN	GA	1-1202, 1687-1863	1203-1686	1-127, 270-688, 728-752, 784-1195, 1765-1863	1196-1243, 1245-1755	839	444	1
6ZMT	GA	1-1200, 1699-1822	1201-1698	1-130, 140-225, 287-322, 329-688, 791-834, 841-1039, 1711-1761, 1771-1822	1077-1416, 1424-1432, 1438-1551, 1558-1698	835	884	1
7BOH	A	1-920, 1403-1499, 1506-1536	921-1402, 1500-1505	1-515, 517-526, 528-920, 1403-1406, 1408-1493, 1506-1515, 1517, 1520-1536	921-965, 968-1206, 1208-1399	979	934	1
7NAU	A	1-924, 1409-1490	925-1408, 1491-1540	1-515, 517-526, 528-918, 1409-1491, 1502-1513	919-965, 968-1206, 1208-1400, 1514-1515, 1517, 1520-1540	954	856	1
7OE0	M	5-924, 1409-1493, 1499-1530	925-1408, 1494-1498	5-504, 536-672, 728-797, 871-913, 1409-1493	505-535, 673-727, 798-870, 914-1397, 1499-1530	743	183	1
7V2Q	A	5-900, 1458-1508	901-1457	5-772, 1485-1508	780-1378	807	480	1
2AAR	A	1-2877		1-248, 387-891, 911-2097, 2157-2774, 2778-2877		620	538	1
2D3O	A	1-2877		1-248, 387-891, 911-2877		717	375	1
3J3W	A	1-2927		1-256, 479-1865, 1997-2275, 2418-2927		605	222	1
5LL6	A	1-1798		1-658, 676-1154, 1289-1308, 1623-1693, 1708-1798		658	714	1
5ZWN	B	1-565		1-25, 33-97, 103-144, 149-209, 228-322, 513-565	323-327, 330-362, 367-386, 431-447, 450-468, 481-496	680	888	0.5
6C4H	A	733-744, 748-793, 1664-1684, 1757-1834, 1836-1846, 1895-1905, 1925-1938, 1940-1961, 1963-2068, 2070-2089, 2229-2250, 2252-2281, 2426-2444, 2446-2456, 2458-2497, 2499-2502, 2505-2551, 2553-2579, 2581-2604, 2606-2620		733-744, 748-793, 1664-1684, 1757-1834, 1836-1846, 1895-1905, 1925-1938, 1940-1961, 1963-2068, 2070-2089, 2229-2250, 2252-2281, 2426-2444, 2446-2456, 2458-2497, 2499-2502, 2505-2551, 2553-2579, 2581-2604, 2606-2620		1.000	1.000	1.000
6GC6	A	1-2903		1-867, 908-1031, 1123-1835, 1968-2060		647	571	1.000
6ME0	A	1-866		1-866		1.000	1.000	1.000
6N7P	R	1-565		1-26, 34-306		536	333	0.5
6PVK	A	3-2925		3-430, 436-876, 878-902, 965-1006, 1009-1095, 1181-1216, 1220-1581, 1586-1808, 1814-1863, 2003-2119, 2226-2270		684	867	1.000
6W7W	A	1-921		1-523, 600-636		643	333	0.5
6WNT	EA	1-3031		1-1025, 1266-2577, 2584-3031		707	10	1.000
6YBW	Y	1-1869		1-26, 28-115, 117-118, 120, 122-133, 287-483, 485-508, 510-516, 518-611, 613-643, 645-667, 669-682, 684-697, 788-813, 815-821, 824-1030, 1032-1080, 1082-1200, 1700-1702, 1704-1760, 1771-1829, 1831, 1833-1843		639	924	1.000
6ZOK	A	1-1869		1-130, 287-688, 791-1209, 1690-1869		585	750	1.000
6ZOL	A	1210-1689		1210-1689		1.000	1.000	1.000
7AF3	A	931-1386		931-1386		1.000	1.000	1.000
7AFI	A	1-1540		1-511, 589-637, 1409-1491		606	682	0.5
7BGE	A	937-1401		937-1401		1.000	1.000	1.000
7BOD	A	1-1534		1-515, 517-526, 528-930, 1387-1401, 1403-1406, 1408-1497, 1499-1515, 1517, 1520-1534		1.000	1.000	1.000
7BOI	A	1-1534		1-515, 517-526, 528-930, 1387-1401, 1403-1406, 1408-1497, 1499-1515, 1517, 1520-1534		1.000	1.000	1.000
7D0F	A	11-2493		11-2493		1.000	1.000	1.000
7O5H	B	1-1530		1-77, 92-788, 796-840, 846-924, 1507-1530		714	777	1.000